<?xml version="1.0" encoding="UTF-8"?>
<EmployeeDetails>
<Employee>
 <ID type = 'p'>1001</ID>
 <Name>Aniket Bhirud</Name>
 <Salary>500</Salary>
 <DEPARTMENT>Training</DEPARTMENT>
</Employee>
<Employee type = 'c'>
 <ID>1002</ID>
 <Name>James</Name>
 <Salary>1000</Salary>
 <DEPARTMENT>Training</DEPARTMENT>
</Employee>
<Employee>
 <ID>1003</ID>
 <Name>Tim</Name>
 <Salary>1500</Salary>
 <DEPARTMENT>Training</DEPARTMENT>
</Employee>
<Employee>
 <ID>1004</ID>
 <Name>Igor</Name>
 <Salary>2500</Salary>
 <DEPARTMENT>Training</DEPARTMENT>
</Employee>
</EmployeeDetails>