<!--
/************************************************************************************
*File 				:employee.xml
*Author 			:Capgemini
*Description 		:XML File for employees table
*Last date modified :10-02-2017
*Version 			:1.0
*Change Description :
************************************************************************************/
-->


<?xml version="1.0" encoding="utf-8"?>

<employees xmlns:xs="http://www.w3.org/2001/XMLSchema-instance"  xs:noNamespaceSchemaLocation="employees.xsd">

	<emp_code>101</emp_code>
	<emp_name>Preetham</emp_name>
	<doj>2010-01-10</doj>
	<emp_sal>18000</emp_sal>
	<grade>A</grade>
	
	<emp_code>102</emp_code>
	<emp_name>Aakash</emp_name>
	<doj>2005-11-10</doj>
	<emp_sal>48000</emp_sal>
	<grade>C</grade>
	
	<emp_code>103</emp_code>
	<emp_name>Kishor</emp_name>
	<doj>2011-12-19</doj>
	<emp_sal>21000</emp_sal>
	<grade>B</grade>
	
	<emp_code>104</emp_code>
	<emp_name>Reena</emp_name>
	<doj>2006-06-23</doj>
	<emp_sal>42000</emp_sal>
	<grade>C</grade>
	
	<emp_code>105</emp_code>
	<emp_name>Kailash</emp_name>
	<doj>2004-02-05</doj>
	<emp_sal>46000</emp_sal>
	<grade>C</grade>
	
	<emp_code>106</emp_code>
	<emp_name>Sahana</emp_name>
	<doj>2003-11-18</doj>
	<emp_sal>52000</emp_sal>
	<grade>C</grade>
	
	<emp_code>107</emp_code>
	<emp_name>Keerthana</emp_name>
	<doj>2010-07-25</doj>
	<emp_sal>27000</emp_sal>
	<grade>B</grade>
	
</employees>