<?xml version="1.0" encoding="UTF-8"?>
<beans xmlns="http://www.springframework.org/schema/beans"
	xmlns:xsi="http://www.w3.org/2001/XMLSchema-instance" 
	xmlns:aop="http://www.springframework.org/schema/aop"
	xmlns:context="http://www.springframework.org/schema/context"
	xsi:schemaLocation="http://www.springframework.org/schema/beans 
	http://www.springframework.org/schema/beans/spring-beans-4.0.xsd
	http://www.springframework.org/schema/context
	http://www.springframework.org/schema/context/spring-context-4.0.xsd">

	<import resource="dbConfig.xml"></import>
	<context:component-scan base-package="com.cg.appl"/>

	<!-- <bean id="dataSrcParent" class="org.springframework.jdbc.datasource.DriverManagerDataSource">
		<property name="driverClassName" value="oracle.jdbc.OracleDriver"></property>
		<property name="url" value="jdbc:oracle:thin:@10.51.103.201:1521:ORCL11G"></property>
		<property name="username" value="labg104trg16"></property>
		<property name="password" value="labg104oracle"></property>
	</bean> -->

	<bean id="jdbcTemplate" class="org.springframework.jdbc.core.JdbcTemplate">
		<property name="dataSource" ref="dataSrcParent"></property>
		<!-- dataSource property is used internally by class so name of property is fixed "dataSource" -->
	</bean>
</beans>