<?xml version="1.0" encoding="UTF-8"?>
<beans xmlns="http://www.springframework.org/schema/beans"
	xmlns:xsi="http://www.w3.org/2001/XMLSchema-instance" 
	xmlns:aop="http://www.springframework.org/schema/aop"
	xsi:schemaLocation="http://www.springframework.org/schema/beans 
	http://www.springframework.org/schema/beans/spring-beans-4.0.xsd">

	<bean id="companyDetails" class="com.cg.appl.commons.CompanyDetails" >
	
		<!-- when cons has multiple params sequence of values must be mapped to seq of params in cons -->
		<!-- in such cases index attribute can be used in order to specify order of parameters for constructor -->
	
		
		<constructor-arg index="1">
			<!--when the constructors are overloaded type must be mentioned so that proper constructor will get called-->
				<value>Ahead of time !!!</value>
		</constructor-arg>
		<constructor-arg index="0" value="143">
			<!--when the constructors are overloaded type must be mentioned so that proper constructor will get called-->
				<!-- <value>142</value> -->
		</constructor-arg>
		<constructor-arg index="2" ref="address">
			<!--when the constructors are overloaded type must be mentioned so that proper constructor will get called-->
		</constructor-arg>
		
		<!-- ************************************************************************************************************** -->
	
		<property name="companyName" value="Capgemini India" />
		<!-- <property name="companyMotto" value="Ahead of time !!!" /> -->
		<!-- <property name="niftyRank" value="120" />	in case of change in value of property changes must be done here -->
		
		<!-- <property name="addr" ref="address"></property> -->
		<property name="directors">
			<list>
				<value>Mr Scott</value>
				<value>Mr Lynda</value>
				<value>Mr King</value>
			</list>
		</property>
		
		<property name="branches">
			<set>
				<value>Mumbai</value>
				<value>Pune</value>
				<value>Banglore</value>
			</set>
		</property>
		
		<property name="branchAddr">
			<map>
				<entry key="Mumbai">
					<value>BKC</value>
				</entry>
				<entry key="Pune">
					<value>Hinjewadi</value>
				</entry>
				<entry key="Banglore">
					<value>Whitefield</value>
				</entry>				
			</map>
		</property>
		
		<property name="ipAddresses" ref="ipsConfig"></property>
		
		<!-- PropertiesFactoryBean for reading prop file -->
		
			<!-- Dependancy Injection previous line no -->
			<!-- "ref" attribute gives reference to another bean present in xml file -->
	</bean>

	<bean id="ipsConfig" class="org.springframework.beans.factory.config.PropertiesFactoryBean">
		<property name="location" value="classpath:server.properties"></property>
	</bean>		

	<bean id="address" class="com.cg.appl.commons.Address" >
		<property name="line1" value="GLC, Sector 104" />
		<property name="line2" value="MIDC, Talawade" />
		<property name="area" value="Talwade" />
		<property name="city" value="Pune" />
		<property name="state" value="Maharashtra" />
		<property name="country" value="India" />
		<property name="pin" value="411062" />	<!-- in case of change in value of property changes must be done here -->
	</bean>

	<bean id="emp" class="com.cg.appl.entities.Emp" scope="prototype" ><!-- scope="singleton" -->
	</bean>

</beans>