<?xml version="1.0" encoding="UTF-8"?>
<beans xmlns="http://www.springframework.org/schema/beans"
	xmlns:xsi="http://www.w3.org/2001/XMLSchema-instance" 
	xmlns:aop="http://www.springframework.org/schema/aop"
	xsi:schemaLocation="http://www.springframework.org/schema/beans 
	http://www.springframework.org/schema/beans/spring-beans-4.0.xsd">

	<bean id="entityDao" class="com.cg.appl.daos.EntityDao" autowire="byName">
		<!-- autowire does bean formation internally by considering parameters of setter methods -->
		<!-- <property name="dbUtil" ref="dbUtil1">			
		</property>	 -->	
	</bean>

	<bean id="dbUtil1" class="com.cg.appl.util.DbUtilImpl" >
	</bean>
	
	<bean id="dbUtil2" class="com.cg.appl.util.JndiUtilImpl" >
	</bean>
</beans>