<?xml version="1.0" encoding="UTF-8"?>
<beans xmlns="http://www.springframework.org/schema/beans"
	xmlns:xsi="http://www.w3.org/2001/XMLSchema-instance" 
	xmlns:aop="http://www.springframework.org/schema/aop"
	xsi:schemaLocation="http://www.springframework.org/schema/beans 
	http://www.springframework.org/schema/beans/spring-beans-4.0.xsd">

	<bean id="companyDetails" class="com.cg.appl.commons.CompanyDetails" >
		<property name="companyName" value="Capgemini India" />
		<property name="companyMotto" value="Ahead of time !!!" />
		<property name="niftyRank" value="120" />	<!-- in case of change in value of property changes must be done here -->
		<property name="addr" ref="address"></property>		
			<!-- Dependancy Injection previous line no -->
			<!-- "ref" attribute gives reference to another bean present in xml file -->
	</bean>

	<bean id="address" class="com.cg.appl.commons.Address" >
		<property name="line1" value="GLC, Sector 104" />
		<property name="line2" value="MIDC, Talawade" />
		<property name="area" value="Talwade" />
		<property name="city" value="Pune" />
		<property name="state" value="Maharashtra" />
		<property name="country" value="India" />
		<property name="pin" value="411062" />	<!-- in case of change in value of property changes must be done here -->
	</bean>

</beans>