<?xml version="1.0" encoding="ISO-8859-1"?>
<EmployeeDetails>
	<emp>
	<empno>7369</empno>
	<ename>SMITH</ename>
	<job>CLERK</job>
	<mgr>7902</mgr>
	<hiredate>1980-12-17</hiredate>
	<sal>1100</sal>
	<comm>200</comm>
	<deptno>20</deptno>
	</emp>
	
	<emp>
	<empno>7499</empno>
	<ename>ALLEN</ename>
	<job>SALESMAN</job>
	<mgr>7698</mgr>
	<hiredate>1981-02-20</hiredate>
	<sal>1600</sal>
	<comm>24820</comm>
	<deptno>30</deptno>
	</emp>
	
	<emp>
	<empno>7521</empno>
	<ename>WARD</ename>
	<job>SALESMAN</job>
	<mgr>7698</mgr>
	<hiredate>1981-02-22</hiredate>
	<sal>1375</sal>
	<comm>19700</comm>
	<deptno>30</deptno>
	</emp>
	
	<emp>
	<empno>7566</empno>
	<ename>JONES</ename>
	<job>MANAGER</job>
	<mgr>7839</mgr>
	<hiredate>1981-04-02</hiredate>
	<sal>3175</sal>
	<comm></comm>
	<deptno>20</deptno>
	</emp>
	
	<emp>
	<empno>7654</empno>
	<ename>MARTIN</ename>
	<job>SALESMAN</job>
	<mgr>7698</mgr>
	<hiredate>1981-09-28</hiredate>
	<sal>1375</sal>
	<comm>20600</comm>
	<deptno>30</deptno>
	</emp>
	
	<emp>
	<empno>7698</empno>
	<ename>BLAKE</ename>
	<job>MANAGER</job>
	<mgr>7839</mgr>
	<hiredate>1981-05-01</hiredate>
	<sal>2850</sal>
	<comm></comm>
	<deptno>30</deptno>
	</emp>
	
	<emp>
	<empno>7782</empno>
	<ename>CLARK</ename>
	<job>MANAGER</job>
	<mgr>7839</mgr>
	<hiredate>1981-06-09</hiredate>
	<sal>2450</sal>
	<comm></comm>
	<deptno>10</deptno>
	</emp>
	
	<emp>
	<empno>7788</empno>
	<ename>SCOTT</ename>
	<job>ANALYST </job>
	<mgr>7566</mgr>
	<hiredate>1987-04-19</hiredate>
	<sal>2000</sal>
	<comm></comm>
	<deptno>20</deptno>
	</emp>
	
	<emp>
	<empno>7839</empno>
	<ename>KING</ename>
	<job>PRESIDENT</job>
	<mgr></mgr>
	<hiredate>1981-09-17</hiredate>
	<sal>5000</sal>
	<comm></comm>
	<deptno>10</deptno>
	</emp>
	
	<emp>
	<empno>7844</empno>
	<ename>TURNER</ename>
	<job>SALESMAN</job>
	<mgr>7698</mgr>
	<hiredate>1981-09-08</hiredate>
	<sal>1650</sal>
	<comm>23000</comm>
	<deptno>30</deptno>
	</emp>
	
	<emp>
	<empno>876</empno>
	<ename>ADAMS</ename>
	<job>CLERK</job>
	<mgr>7788</mgr>
	<hiredate>1987-05-23</hiredate>
	<sal>1430</sal>
	<comm>200</comm>
	<deptno>20</deptno>
	</emp>
	
	<emp>
	<empno>7900</empno>
	<ename>JAMES</ename>
	<job>CLERK</job>
	<mgr>7698</mgr>
	<hiredate>1981-12-03</hiredate>
	<sal>1045</sal>
	<comm>200</comm>
	<deptno>30</deptno>
	</emp>
	
	<emp>
	<empno>7902</empno>
	<ename>FORD</ename>
	<job>ANALYST</job>
	<mgr>7566</mgr>
	<hiredate>1981-12-03</hiredate>
	<sal>3200</sal>
	<comm></comm>
	<deptno>20</deptno>
	</emp>
	
	<emp>
	<empno>7934</empno>
	<ename>MILLER</ename>
	<job>CLERK</job>
	<mgr>7782</mgr>
	<hiredate>1982-01-23</hiredate>
	<sal>1430</sal>
	<comm>200</comm>
	<deptno>10</deptno>
	</emp>
</EmployeeDetails>