<?xml version="1.0" encoding="ISO-8859-1"?>
<EmailData>
	<Email>
		<to>abc@gmail.com</to>
		<from>xyz@gmail.com</from>
		<CC>asd@gmail.com</CC>
		<BCC>123@gmail.com</BCC>
		<subject>Task completion</subject>
		<body>Hello, members tomorrow we are having final draft of the project so try to come 30mins early.</body>
	</Email>
	
	<Email>
		<to>xyz@gmail.com</to>
		<from>abc@gmail.com</from>
		<CC>mgr@gmail.com</CC>
		<BCC>ceo@gmail.com</BCC>
		<subject>acknowledgement</subject>
		<body>Hello, all team members will report tomorrow 30 mins earlier.</body>
	</Email>
</EmailData>