<?xml version="1.0" encoding="ISO-8859-1"?>
<EmployeeDetails>
	<Employee>
		<EmployeeCode>1111</EmployeeCode>
		<EmplopyeeName>
			<FirstName>Seema</FirstName>
			<LastName>Dalvi</LastName>
		</EmployeeName>
		<DOJ>1997-08-09</DOJ>
		<TotalExperience>12</TotalExperience>
		<Department>
			<Unit>3d</Unit>
			<loc>Mumbai</loc>
		</Department>
		<Designation>
			<1></1>
			<2></2>
			<3></3>
			<4>*</4>
			<5></5>
		</Designation>
		<sal>21000</sal>
		<Grade>
			<a></a>
			<b>*</b>
			<c></c>
			<d></d>
		</Grade>
	</Employee>
	
	<Employee>
		<EmployeeCode>222</EmployeeCode>
		<EmplopyeeName>
			<FirstName>Bharati</FirstName>
			<LastName>Mantri</LastName>
		</EmployeeName>
		<DOJ>1999-01-12</DOJ>
		<TotalExperience>5</TotalExperience>
		<Department>
			<Unit>4a</Unit>
			<loc>Pune</loc>
		</Department>
		<Designation>
			<1></1>
			<2>*</2>
			<3></3>
			<4></4>
			<5></5>
		</Designation>
		<sal>12000</sal>
		<Grade>
			<a>*</a>
			<b></b>
			<c></c>
			<d></d>
		</Grade>
	</Employee>
</EmployeeDetails>